activation,hidden_layers,width,seed,L2_rel,Linf
sine,1,64,0,0.803769588470459,0.8481337428092957
