activation,hidden_layers,width,seed,L2_rel,Linf
sine,1,32,0,0.7284213304519653,0.7631248235702515
