activation,hidden_layers,width,seed,L2_rel,Linf
sine,2,64,0,0.009380118921399117,0.010907232761383057
