activation,hidden_layers,width,seed,L2_rel,Linf
sine,2,32,0,0.013043547980487347,0.020343661308288574
