activation,hidden_layers,width,seed,L2_rel,Linf
tanh,1,64,0,0.5577610731124878,0.6061023473739624
