activation,hidden_layers,width,seed,L2_rel,Linf
tanh,2,64,0,0.013676002621650696,0.01704961061477661
