activation,hidden_layers,width,seed,L2_rel,Linf
GeLU,2,32,0,0.00450854143127799,0.00557255744934082
