activation,hidden_layers,width,seed,L2_rel,Linf
GeLU,2,8,0,0.00545937055721879,0.006124317646026611
