activation,hidden_layers,width,seed,L2_rel,Linf
GeLU,1,8,0,0.5756245851516724,0.6276742815971375
