activation,hidden_layers,width,seed,L2_rel,Linf
ReLU,1,8,0,0.9169464707374573,0.9723274111747742
