activation,hidden_layers,width,seed,L2_rel,Linf
ReLU,1,32,0,0.9192144274711609,0.9831740260124207
