activation,hidden_layers,width,seed,L2_rel,Linf
ReLU,1,16,0,0.9180899858474731,0.9748281240463257
