activation,hidden_layers,width,seed,L2_rel,Linf
SiLU,1,32,0,0.6478541493415833,0.6962529420852661
