activation,hidden_layers,width,seed,L2_rel,Linf
SiLU,2,16,0,0.0021036954130977392,0.003049194812774658
