activation,hidden_layers,width,seed,L2_rel,Linf
SiLU,1,8,0,0.7570550441741943,0.8045350909233093
