activation,hidden_layers,width,seed,L2_rel,Linf
SiLU,2,8,0,0.007658330723643303,0.010083496570587158
