activation,hidden_layers,width,seed,L2_rel,Linf
SiLU,1,16,0,0.7035855650901794,0.7544238567352295
