activation,hidden_layers,width,seed,L2_rel,Linf
sine,1,16,0,0.04670500010251999,0.04927307367324829
