activation,hidden_layers,width,seed,L2_rel,Linf
sine,2,16,0,0.009625403210520744,0.011401474475860596
