activation,hidden_layers,width,seed,L2_rel,Linf
sine,1,32,0,0.04297148436307907,0.0424727201461792
