activation,hidden_layers,width,seed,L2_rel,Linf
sine,1,8,0,0.3378641903400421,0.3463784456253052
