activation,hidden_layers,width,seed,L2_rel,Linf
sine,2,32,0,0.01644451916217804,0.01791071891784668
