activation,hidden_layers,width,seed,L2_rel,Linf
sine,2,8,0,0.011503900401294231,0.018299520015716553
