activation,hidden_layers,width,seed,L2_rel,Linf
GeLU,2,64,0,0.009766598129866908,0.020111951643147163
GeLU,2,64,7,0.005841223596162048,0.009258657883947752
GeLU,2,64,103,0.006533339725318694,0.010451837046776546
GeLU,2,64,42,0.004742840057345658,0.006864970635613865
