activation,hidden_layers,width,seed,L2_rel,Linf
GeLU,3,64,0,0.0003636767796706408,0.00045621395111083984
GeLU,3,64,7,0.002201210707426071,0.0032825469970703125
GeLU,3,64,103,0.0002699669566936791,0.00043404102325439453
GeLU,3,64,42,0.00028712270432151854,0.00041168928146362305
