activation,hidden_layers,width,seed,L2_rel,Linf
GeLU,4,64,0,0.0001744662004057318,0.00028330087661743164
GeLU,4,64,7,9.820045670494437e-05,0.00016951560974121094
GeLU,4,64,103,0.0033374654594808817,0.005149960517883301
GeLU,4,64,42,0.0001119318840210326,0.00014209747314453125
