activation,hidden_layers,width,seed,L2_rel,Linf
GeLU,2,128,0,0.0024210212286561728,0.002499546855688095
GeLU,2,128,7,0.0012312197359278798,0.002206563949584961
GeLU,2,128,103,0.004111968446522951,0.006214737892150879
GeLU,2,128,42,0.006020969245582819,0.009210705757141113
