activation,hidden_layers,width,seed,L2_rel,Linf
GeLU,4,32,0,0.006625226698815823,0.011313199996948242
GeLU,4,32,7,0.0005321602802723646,0.0009150505065917969
GeLU,4,32,103,0.0012505656341090798,0.0020984411239624023
GeLU,4,32,42,0.0017933219205588102,0.0018491987138986588
