activation,hidden_layers,width,seed,L2_rel,Linf
GeLU,3,32,0,0.00039146270137280226,0.0005614757537841797
GeLU,3,32,7,0.001048844656907022,0.0019356012344360352
GeLU,3,32,103,0.003273200010880828,0.005310535430908203
GeLU,3,32,42,0.000548210518900305,0.0010194778442382812
