activation,hidden_layers,width,seed,L2_rel,Linf
GeLU,3,128,0,0.0005560899735428393,0.0008362531661987305
GeLU,3,128,7,7.178314263001084e-05,0.00011360645294189453
GeLU,3,128,103,0.004441576544195414,0.005178689956665039
GeLU,3,128,42,0.007455994840711355,0.011566638946533203
