activation,hidden_layers,width,seed,L2_rel,Linf
GeLU,2,32,0,0.00017451155872549862,0.0003170967102050781
GeLU,2,32,7,0.0012290064478293061,0.0023621320724487305
GeLU,2,32,103,0.0006345539004541934,0.0010443329811096191
GeLU,2,32,42,0.003962059039622545,0.007790684700012207
