activation,hidden_layers,width,seed,L2_rel,Linf
GeLU,4,128,0,0.0028491986449807882,0.0040111541748046875
GeLU,4,128,7,0.0005044417921453714,0.0010862350463867188
GeLU,4,128,103,0.000721829361282289,0.0012977123260498047
GeLU,4,128,42,0.006063057575374842,0.010542750358581543
