activation,hidden_layers,width,seed,L2_rel,Linf
ReLU,2,64,0,0.5217559337615967,0.7190769910812378
ReLU,2,64,7,0.5155946016311646,0.7058875560760498
ReLU,2,64,103,0.5332782864570618,0.7077913284301758
ReLU,2,64,42,0.5311895608901978,0.736142635345459
