activation,hidden_layers,width,seed,L2_rel,Linf
ReLU,4,32,0,0.5052090287208557,0.7081618309020996
ReLU,4,32,7,0.5358020663261414,0.7318828105926514
ReLU,4,32,103,0.5169616341590881,0.7167050838470459
ReLU,4,32,42,0.5392679572105408,0.7493815422058105
