activation,hidden_layers,width,seed,L2_rel,Linf
ReLU,4,128,0,0.5365796685218811,0.7445974349975586
ReLU,4,128,7,0.5017164349555969,0.6930369138717651
ReLU,4,128,103,0.5029246807098389,0.6901082992553711
ReLU,4,128,42,0.5287824869155884,0.7334742546081543
