activation,hidden_layers,width,seed,L2_rel,Linf
ReLU,2,128,0,0.5040268898010254,0.6978342533111572
ReLU,2,128,7,0.5315335392951965,0.7288771867752075
ReLU,2,128,103,0.5284146070480347,0.7345054149627686
ReLU,2,128,42,0.4870638847351074,0.6711857318878174
