activation,hidden_layers,width,seed,L2_rel,Linf
ReLU,2,32,0,0.6447514891624451,0.715938925743103
ReLU,2,32,7,0.5286835432052612,0.7030556201934814
ReLU,2,32,103,0.6573352217674255,0.7002792358398438
ReLU,2,32,42,0.6458839178085327,0.687441349029541
