activation,hidden_layers,width,seed,L2_rel,Linf
ReLU,3,64,0,0.5332750082015991,0.7374736070632935
ReLU,3,64,7,0.5105656385421753,0.7100743055343628
ReLU,3,64,103,0.523135781288147,0.7268972396850586
ReLU,3,64,42,0.5299357771873474,0.7335999011993408
