activation,hidden_layers,width,seed,L2_rel,Linf
ReLU,4,64,0,0.5128997564315796,0.712185263633728
ReLU,4,64,7,0.5059715509414673,0.6987712383270264
ReLU,4,64,103,0.5393704175949097,0.747859001159668
ReLU,4,64,42,0.5090712904930115,0.7030417919158936
