activation,hidden_layers,width,seed,L2_rel,Linf
ReLU,3,32,0,0.5326433777809143,0.7317003011703491
ReLU,3,32,7,0.6719108819961548,0.7119194269180298
ReLU,3,32,103,0.5296000242233276,0.7240407466888428
ReLU,3,32,42,0.5707432627677917,0.7450591325759888
