activation,hidden_layers,width,seed,L2_rel,Linf
ReLU,3,128,0,0.5222789645195007,0.7255725860595703
ReLU,3,128,7,0.5001773834228516,0.6848726272583008
ReLU,3,128,103,0.5533277988433838,0.7626124620437622
ReLU,3,128,42,0.5298954248428345,0.7377279996871948
