activation,hidden_layers,width,seed,L2_rel,Linf
SiLU,2,128,0,0.007258958177021902,0.010248707296099724
SiLU,2,128,7,0.0057329857944353165,0.007927414212515416
SiLU,2,128,103,0.003126326291893534,0.005123562454497188
SiLU,2,128,42,0.006035814732098789,0.00886496600402431
