activation,hidden_layers,width,seed,L2_rel,Linf
SiLU,3,128,0,0.0002179975126637146,0.0003603696823120117
SiLU,3,128,7,0.003104940988123417,0.0043659210205078125
SiLU,3,128,103,0.00746596185490489,0.007170677185058594
SiLU,3,128,42,7.414089486701414e-05,0.00010788440704345703
