activation,hidden_layers,width,seed,L2_rel,Linf
SiLU,4,32,0,0.00021534970437642187,0.0003020763397216797
SiLU,4,32,7,0.002223466755822301,0.002845168113708496
SiLU,4,32,103,0.0008079498657025397,0.0015076398849487305
SiLU,4,32,42,9.603251237422228e-05,0.00015842914581298828
