activation,hidden_layers,width,seed,L2_rel,Linf
SiLU,3,64,0,0.0008593486272729933,0.0016167163848876953
SiLU,3,64,7,0.0003724518173839897,0.0004642009735107422
SiLU,3,64,103,0.0012634603772312403,0.0017110109329223633
SiLU,3,64,42,0.0003162285138387233,0.0005750656127929688
