activation,hidden_layers,width,seed,L2_rel,Linf
SiLU,3,32,0,0.00207194103859365,0.002823948860168457
SiLU,3,32,7,0.00041578090167604387,0.0006090402603149414
SiLU,3,32,103,0.00044552175677381456,0.0007476806640625
SiLU,3,32,42,0.001252247835509479,0.002314329147338867
