activation,hidden_layers,width,seed,L2_rel,Linf
SiLU,4,64,0,0.0002679287572391331,0.000333394855260849
SiLU,4,64,7,0.00011731088306987658,0.00022554397583007812
SiLU,4,64,103,0.0022982722148299217,0.003883838653564453
SiLU,4,64,42,0.0024403363931924105,0.002934187650680542
