activation,hidden_layers,width,seed,L2_rel,Linf
SiLU,4,128,0,8.366097608814016e-05,0.00011014938354492188
SiLU,4,128,7,0.0005200635641813278,0.0006582736968994141
SiLU,4,128,103,0.0016420127358287573,0.002275824546813965
SiLU,4,128,42,0.014887976460158825,0.015508115291595459
