activation,hidden_layers,width,seed,L2_rel,Linf
SiLU,2,32,0,0.0001920543290907517,0.00026869773864746094
SiLU,2,32,7,0.000369394663721323,0.0005415678024291992
SiLU,2,32,103,0.0004636265803128481,0.0007429122924804688
SiLU,2,32,42,0.00136549212038517,0.0015215873718261719
