activation,hidden_layers,width,seed,L2_rel,Linf
SiLU,2,64,0,0.000848734169267118,0.0012004375457763672
SiLU,2,64,7,0.003485433990135789,0.006556868553161621
SiLU,2,64,103,0.0015762144466862082,0.002420783042907715
SiLU,2,64,42,0.00197294051758945,0.0030770301818847656
