activation,hidden_layers,width,seed,L2_rel,Linf
sine,2,64,0,0.0018575778231024742,0.0018669962882995605
sine,2,64,7,0.004347433801740408,0.004359647631645203
sine,2,64,103,0.002967373700812459,0.0030356645584106445
sine,2,64,42,0.002994706155732274,0.0031682252883911133
