activation,hidden_layers,width,seed,L2_rel,Linf
sine,4,32,0,0.005117454100400209,0.00896608829498291
sine,4,32,7,0.0035149268805980682,0.003751516342163086
sine,4,32,103,0.01091199740767479,0.01875936985015869
sine,4,32,42,0.0031887879595160484,0.003916382789611816
