activation,hidden_layers,width,seed,L2_rel,Linf
sine,2,32,0,0.0007581925019621849,0.0012879371643066406
sine,2,32,7,0.0019341451115906239,0.0018541216850280762
sine,2,32,103,0.0006367046153172851,0.0007849335670471191
sine,2,32,42,0.00288218492642045,0.0030279159545898438
