activation,hidden_layers,width,seed,L2_rel,Linf
sine,2,128,0,0.0025562092196196318,0.0026139188557863235
sine,2,128,7,0.002139977179467678,0.0029965639114379883
sine,2,128,103,0.003901130286976695,0.0038591623306274414
sine,2,128,42,0.004330307245254517,0.007895588874816895
