activation,hidden_layers,width,seed,L2_rel,Linf
sine,4,128,0,0.014971121214330196,0.02347111701965332
sine,4,128,7,0.008674989454448223,0.0180361270904541
sine,4,128,103,0.008654060773551464,0.0137176513671875
sine,4,128,42,0.0037052566185593605,0.00700831413269043
