activation,hidden_layers,width,seed,L2_rel,Linf
sine,4,64,0,0.007419288624078035,0.011019110679626465
sine,4,64,7,0.007979937829077244,0.012732863426208496
sine,4,64,103,0.003969647455960512,0.007802009582519531
sine,4,64,42,0.004145090002566576,0.0063130855560302734
