activation,hidden_layers,width,seed,L2_rel,Linf
sine,3,128,0,0.0058220201171934605,0.009753942489624023
sine,3,128,7,0.0031188165303319693,0.0062673091888427734
sine,3,128,103,0.0035681792069226503,0.006955146789550781
sine,3,128,42,0.003141153836622834,0.0031163934618234634
