activation,hidden_layers,width,seed,L2_rel,Linf
sine,3,32,0,0.001991607015952468,0.00212860107421875
sine,3,32,7,0.0038634594529867172,0.005270838737487793
sine,3,32,103,0.006707062479108572,0.01021265983581543
sine,3,32,42,0.011057415045797825,0.017046213150024414
