activation,hidden_layers,width,seed,L2_rel,Linf
sine,3,64,0,0.0013823100598528981,0.0019729137420654297
sine,3,64,7,0.01576521061360836,0.023450732231140137
sine,3,64,103,0.005570029839873314,0.009111881256103516
sine,3,64,42,0.0014656054554507136,0.0018001720309257507
