activation,hidden_layers,width,seed,L2_rel,Linf
tanh,3,32,0,0.005429824814200401,0.008926153182983398
tanh,3,32,7,0.003625699318945408,0.003911495208740234
tanh,3,32,103,0.004321196116507053,0.005696654319763184
tanh,3,32,42,0.0028874834533780813,0.005795836448669434
