activation,hidden_layers,width,seed,L2_rel,Linf
tanh,2,128,0,0.006009853444993496,0.007439613342285156
tanh,2,128,7,0.010944245383143425,0.01396799087524414
tanh,2,128,103,0.03640716150403023,0.05397510528564453
tanh,2,128,42,0.0067456867545843124,0.00734555721282959
