activation,hidden_layers,width,seed,L2_rel,Linf
tanh,2,32,0,0.0015912024537101388,0.001479029655456543
tanh,2,32,7,0.0019381219753995538,0.002686738967895508
tanh,2,32,103,0.003605057718232274,0.004882335662841797
tanh,2,32,42,0.002643047831952572,0.0034193992614746094
