activation,hidden_layers,width,seed,L2_rel,Linf
tanh,4,64,0,0.004756713751703501,0.009664773941040039
tanh,4,64,7,0.01945359818637371,0.035967230796813965
tanh,4,64,103,0.011899285018444061,0.02248227596282959
tanh,4,64,42,0.008516565896570683,0.015265464782714844
