activation,hidden_layers,width,seed,L2_rel,Linf
tanh,2,64,0,0.004562945105135441,0.004890561103820801
tanh,2,64,7,0.005616026930510998,0.007068991661071777
tanh,2,64,103,0.002951041329652071,0.003540635108947754
tanh,2,64,42,0.005952631589025259,0.0074416399002075195
