activation,hidden_layers,width,seed,L2_rel,Linf
tanh,3,64,0,0.00598914097937562,0.007238959528910405
tanh,3,64,7,0.007213885385285109,0.011266111184451422
tanh,3,64,103,0.00812233650008425,0.01612249106363306
tanh,3,64,42,0.004675450085641879,0.005114241897548943
