activation,hidden_layers,width,seed,L2_rel,Linf
tanh,4,32,0,0.005599726922810078,0.011635065078735352
tanh,4,32,7,0.0030259459745138884,0.00477755069732666
tanh,4,32,103,0.0013252791250124574,0.0016329288482666016
tanh,4,32,42,0.002893664175644517,0.005081653594970703
