activation,hidden_layers,width,seed,L2_rel,Linf
tanh,4,128,0,0.00806155800819397,0.016575932502746582
tanh,4,128,7,0.007115053944289684,0.015793561935424805
tanh,4,128,103,0.018270233646035194,0.018755972385406494
tanh,4,128,42,0.007287109270691872,0.008733391761779785
