activation,hidden_layers,width,seed,L2_rel,Linf
tanh,3,128,0,0.010136383585631847,0.01865518093109131
tanh,3,128,7,0.012366310693323612,0.01863694190979004
tanh,3,128,103,0.009668956510722637,0.00983506441116333
tanh,3,128,42,0.008650284260511398,0.01724076271057129
