activation,hidden_layers,width,seed,L2_rel,Linf
GeLU,2,8,0,0.005462525878101587,0.006126999855041504
