activation,hidden_layers,width,seed,L2_rel,Linf
ReLU,1,32,0,0.9192124009132385,0.9832034707069397
