activation,hidden_layers,width,seed,L2_rel,Linf
SiLU,2,16,0,0.002102634869515896,0.003052353858947754
