activation,hidden_layers,width,seed,L2_rel,Linf
sine,1,32,0,0.04305323213338852,0.04258674383163452
