activation,hidden_layers,width,seed,L2_rel,Linf
sine,2,16,0,0.006880264729261398,0.009762287139892578
