activation,hidden_layers,width,seed,L2_rel,Linf
sine,1,8,0,0.33802860975265503,0.34655100107192993
