activation,hidden_layers,width,seed,L2_rel,Linf
sine,2,8,0,0.011504891328513622,0.01830124855041504
