activation,hidden_layers,width,seed,L2_rel,Linf
sine,2,32,0,0.016511602327227592,0.017934679985046387
