activation,hidden_layers,width,seed,L2_rel,Linf
sine,1,16,0,0.04676325246691704,0.049337148666381836
