activation,hidden_layers,width,seed,L2_rel,Linf
tanh,1,8,0,0.42130982875823975,0.4718254804611206
