activation,hidden_layers,width,seed,L2_rel,Linf
GeLU,3,64,0,0.9835938215255737,0.9830911159515381
GeLU,3,64,7,0.9918456077575684,0.9913293719291687
GeLU,3,64,103,0.9999627470970154,0.9994526505470276
GeLU,3,64,42,0.9925203323364258,0.9920215606689453
