activation,hidden_layers,width,seed,L2_rel,Linf
GeLU,2,64,0,1.003859519958496,1.0033533573150635
GeLU,2,64,7,0.9920454621315002,0.9915424585342407
GeLU,2,64,103,0.9811044335365295,0.9806045293807983
GeLU,2,64,42,0.9847644567489624,0.9842700958251953
