activation,hidden_layers,width,seed,L2_rel,Linf
GeLU,4,32,0,0.9959010481834412,0.9953932166099548
GeLU,4,32,7,48847.78515625,39558.796875
GeLU,4,32,103,1.0125648975372314,1.0121335983276367
GeLU,4,32,42,0.9993355870246887,0.9988269209861755
