activation,hidden_layers,width,seed,L2_rel,Linf
GeLU,3,32,0,1.0008957386016846,1.0003834962844849
GeLU,3,32,7,1.0030059814453125,1.0024981498718262
GeLU,3,32,103,0.999375581741333,0.9988629817962646
GeLU,3,32,42,0.9960398077964783,0.9955363273620605
