activation,hidden_layers,width,seed,L2_rel,Linf
GeLU,3,128,0,1.0062872171401978,1.0057830810546875
GeLU,3,128,7,0.9913878440856934,0.9908831715583801
GeLU,3,128,103,0.9873812198638916,0.9868810176849365
GeLU,3,128,42,7082930.0,6244654.5
