activation,hidden_layers,width,seed,L2_rel,Linf
GeLU,2,128,0,1.0364214181900024,1.036404013633728
GeLU,2,128,7,1.0081207752227783,1.007601022720337
GeLU,2,128,103,1.001177430152893,1.0006717443466187
GeLU,2,128,42,0.995932400226593,0.9954307675361633
