activation,hidden_layers,width,seed,L2_rel,Linf
GeLU,4,128,0,9579941733597184.0,8157526948315136.0
GeLU,4,128,7,1.0095996856689453,1.009080171585083
GeLU,4,128,103,1.003291368484497,1.0027796030044556
GeLU,4,128,42,65579392.0,47900952.0
