activation,hidden_layers,width,seed,L2_rel,Linf
GeLU,2,32,0,1.001022458076477,1.00050687789917
GeLU,2,32,7,1.0110902786254883,1.0105743408203125
GeLU,2,32,103,1.0039985179901123,1.0034860372543335
GeLU,2,32,42,0.9996137619018555,0.9991053342819214
