activation,hidden_layers,width,seed,L2_rel,Linf
GeLU,4,64,0,4.6789246921727126e-05,8.327936482477316e-05
GeLU,4,64,7,9.718272100090445e-05,0.00017830094368975757
GeLU,4,64,103,7.458183542897692e-05,8.999282447363921e-05
GeLU,4,64,42,2.8061146119488546e-05,5.131634126825935e-05
