activation,hidden_layers,width,seed,L2_rel,Linf
ReLU,3,32,0,0.9999999403953552,0.9994860887527466
ReLU,3,32,7,1.0,0.9994862079620361
ReLU,3,32,103,1.0,0.9994863271713257
ReLU,3,32,42,1.0,0.9994863867759705
