activation,hidden_layers,width,seed,L2_rel,Linf
ReLU,3,128,0,2450.8134765625,2600.462646484375
ReLU,3,128,7,4116.90234375,3310.887939453125
ReLU,3,128,103,520.9852905273438,506.0126647949219
ReLU,3,128,42,368.8016662597656,356.23870849609375
