activation,hidden_layers,width,seed,L2_rel,Linf
ReLU,2,128,0,5379.62646484375,5188.263671875
ReLU,2,128,7,1106.56298828125,1254.19873046875
ReLU,2,128,103,1694.2122802734375,1966.32275390625
ReLU,2,128,42,200.96266174316406,227.55792236328125
