activation,hidden_layers,width,seed,L2_rel,Linf
ReLU,2,64,0,inf,3.0976857748682047e+19
ReLU,2,64,7,1.000005841255188,0.9995394349098206
ReLU,2,64,103,114.6153793334961,132.28369140625
ReLU,2,64,42,3293.72314453125,2862.566162109375
