activation,hidden_layers,width,seed,L2_rel,Linf
ReLU,2,32,0,0.9999999403953552,0.9994862079620361
ReLU,2,32,7,376.2821960449219,477.177734375
ReLU,2,32,103,999.4794921875,1019.0281372070312
ReLU,2,32,42,1.0000014305114746,0.9994927644729614
