activation,hidden_layers,width,seed,L2_rel,Linf
ReLU,3,64,0,123210688.0,129571688.0
ReLU,3,64,7,463018592.0,362486048.0
ReLU,3,64,103,5923.1533203125,6807.43408203125
ReLU,3,64,42,346.0021667480469,460.9449157714844
