activation,hidden_layers,width,seed,L2_rel,Linf
ReLU,4,128,0,71271645184.0,67686207488.0
ReLU,4,128,7,75807.9921875,85706.25
ReLU,4,128,103,86.49320983886719,122.39854431152344
ReLU,4,128,42,170.57347106933594,151.4747314453125
