activation,hidden_layers,width,seed,L2_rel,Linf
ReLU,4,64,0,77413.6875,91175.84375
ReLU,4,64,7,125670.796875,123435.6484375
ReLU,4,64,103,63587328.0,48065356.0
ReLU,4,64,42,392838848.0,292935168.0
