activation,hidden_layers,width,seed,L2_rel,Linf
ReLU,4,32,0,141.6097412109375,115.39730072021484
ReLU,4,32,7,132880888.0,94851264.0
ReLU,4,32,103,3177387.25,2953651.25
ReLU,4,32,42,1.0,0.9994862675666809
