activation,hidden_layers,width,seed,L2_rel,Linf
SiLU,4,64,0,0.9999395608901978,0.9994277954101562
SiLU,4,64,7,1.0003063678741455,0.9997943043708801
SiLU,4,64,103,908.1572265625,671.1806640625
SiLU,4,64,42,0.999190628528595,0.9986788034439087
