activation,hidden_layers,width,seed,L2_rel,Linf
SiLU,2,128,0,1.008815884590149,1.0082979202270508
SiLU,2,128,7,1742.24853515625,1888.478759765625
SiLU,2,128,103,0.9969915151596069,0.9964888095855713
SiLU,2,128,42,0.9991597533226013,0.998646080493927
