activation,hidden_layers,width,seed,L2_rel,Linf
SiLU,2,64,0,1.0266478061676025,1.02613365650177
SiLU,2,64,7,0.9997975826263428,0.9993246793746948
SiLU,2,64,103,0.9971188306808472,0.9967347979545593
SiLU,2,64,42,0.994782030582428,0.9942772388458252
