activation,hidden_layers,width,seed,L2_rel,Linf
SiLU,3,128,0,0.997519850730896,0.997016429901123
SiLU,3,128,7,0.9999366998672485,0.9994288086891174
SiLU,3,128,103,0.9982161521911621,0.9977065324783325
SiLU,3,128,42,1.0005906820297241,1.000078797340393
