activation,hidden_layers,width,seed,L2_rel,Linf
SiLU,4,128,0,2.227036857733572e-05,3.380946626224679e-05
SiLU,4,128,7,3.264160752747115e-05,5.451888510032976e-05
SiLU,4,128,103,2.878923643820888e-05,4.02147517262752e-05
SiLU,4,128,42,1.8433364862920016e-05,2.5721231219855145e-05
