activation,hidden_layers,width,seed,L2_rel,Linf
SiLU,3,32,0,0.9996821880340576,0.9991722106933594
SiLU,3,32,7,0.9987388849258423,0.998228907585144
SiLU,3,32,103,507.36065673828125,488.1477355957031
SiLU,3,32,42,0.9975266456604004,0.9970164895057678
