activation,hidden_layers,width,seed,L2_rel,Linf
SiLU,4,32,0,0.9992220997810364,0.998712420463562
SiLU,4,32,7,1.0002248287200928,0.9997119307518005
SiLU,4,32,103,0.9998484253883362,0.9993378520011902
SiLU,4,32,42,0.9997113943099976,0.9991980195045471
