activation,hidden_layers,width,seed,L2_rel,Linf
SiLU,3,64,0,0.9981857538223267,0.9976780414581299
SiLU,3,64,7,15545.453125,15055.794921875
SiLU,3,64,103,0.999645471572876,0.9991342425346375
SiLU,3,64,42,1.0028135776519775,1.0023057460784912
