activation,hidden_layers,width,seed,L2_rel,Linf
SiLU,2,32,0,1.0003161430358887,0.9998043775558472
SiLU,2,32,7,1.0005676746368408,1.000058889389038
SiLU,2,32,103,0.9997920989990234,0.9992837905883789
SiLU,2,32,42,0.9978685975074768,0.9973570108413696
