activation,hidden_layers,width,seed,L2_rel,Linf
sine,2,32,0,6.77454137802124,12.218526840209961
sine,2,32,7,1.2176307439804077,1.2173848152160645
sine,2,32,103,0.993839681148529,0.9933390617370605
sine,2,32,42,28.067842483520508,28.187246322631836
