activation,hidden_layers,width,seed,L2_rel,Linf
sine,3,128,0,1.064589023590088,1.064385175704956
sine,3,128,7,14.599796295166016,22.454965591430664
sine,3,128,103,22.458066940307617,36.501953125
sine,3,128,42,32.17737579345703,44.608680725097656
