activation,hidden_layers,width,seed,L2_rel,Linf
sine,3,32,0,0.929328441619873,0.9289181232452393
sine,3,32,7,1.002329707145691,1.0018165111541748
sine,3,32,103,0.7216035723686218,0.7204462289810181
sine,3,32,42,1.001062273979187,1.0005645751953125
