activation,hidden_layers,width,seed,L2_rel,Linf
sine,4,64,0,0.8919681310653687,0.8917550444602966
sine,4,64,7,30.665334701538086,55.97071075439453
sine,4,64,103,8.71438217163086,13.362247467041016
sine,4,64,42,1.0130695104599,1.0124062299728394
