activation,hidden_layers,width,seed,L2_rel,Linf
sine,4,128,0,0.8263274431228638,0.8257551789283752
sine,4,128,7,13.147809028625488,24.137025833129883
sine,4,128,103,12.913496971130371,27.723424911499023
sine,4,128,42,20.242733001708984,26.452289581298828
