activation,hidden_layers,width,seed,L2_rel,Linf
sine,2,128,0,26.856781005859375,37.55652618408203
sine,2,128,7,24.89211082458496,33.720340728759766
sine,2,128,103,0.9996491074562073,0.9991326332092285
sine,2,128,42,13.434442520141602,23.385452270507812
