activation,hidden_layers,width,seed,L2_rel,Linf
sine,2,64,0,0.9979538321495056,0.9974490404129028
sine,2,64,7,1.0024302005767822,1.0022656917572021
sine,2,64,103,1.419022560119629,1.4183903932571411
sine,2,64,42,16.204774856567383,31.214702606201172
