activation,hidden_layers,width,seed,L2_rel,Linf
sine,3,64,0,1.099974274635315,1.10160493850708
sine,3,64,7,9.524962425231934,15.389464378356934
sine,3,64,103,0.9356004595756531,0.9353700280189514
sine,3,64,42,8.945616722106934,13.602653503417969
