activation,hidden_layers,width,seed,L2_rel,Linf
sine,4,32,0,0.9991247653961182,0.9986419081687927
sine,4,32,7,0.9969896078109741,0.996483564376831
sine,4,32,103,1.0094751119613647,1.0090504884719849
sine,4,32,42,4.239795207977295,9.518105506896973
