activation,hidden_layers,width,seed,L2_rel,Linf
tanh,3,32,0,111.01874542236328,105.0955810546875
tanh,3,32,7,0.9756249189376831,0.9751492142677307
tanh,3,32,103,217.54026794433594,160.47799682617188
tanh,3,32,42,1.000435471534729,0.9999966025352478
