activation,hidden_layers,width,seed,L2_rel,Linf
tanh,3,128,0,103.95987701416016,101.55005645751953
tanh,3,128,7,14.637382507324219,13.134566307067871
tanh,3,128,103,0.9972090125083923,0.9967101812362671
tanh,3,128,42,0.9367243051528931,0.9375824332237244
