activation,hidden_layers,width,seed,L2_rel,Linf
tanh,4,64,0,0.9906197190284729,0.9900846481323242
tanh,4,64,7,34.88096618652344,30.9648380279541
tanh,4,64,103,34.40673828125,80.40797424316406
tanh,4,64,42,1.0014046430587769,1.0009334087371826
