activation,hidden_layers,width,seed,L2_rel,Linf
tanh,2,128,0,0.9985273480415344,0.9981193542480469
tanh,2,128,7,36.47201919555664,37.473209381103516
tanh,2,128,103,1.0011521577835083,1.0006358623504639
tanh,2,128,42,1949.362060546875,2107.7314453125
