activation,hidden_layers,width,seed,L2_rel,Linf
tanh,4,32,0,1.0018846988677979,1.0013632774353027
tanh,4,32,7,142.95004272460938,141.2147979736328
tanh,4,32,103,0.9987697601318359,0.9982612729072571
tanh,4,32,42,105.03443145751953,117.76866149902344
