activation,hidden_layers,width,seed,L2_rel,Linf
tanh,4,128,0,1.0140808820724487,1.013421893119812
tanh,4,128,7,0.9930569529533386,0.9931047558784485
tanh,4,128,103,1117.1934814453125,2128.364990234375
tanh,4,128,42,1.0092791318893433,1.0068007707595825
