activation,hidden_layers,width,seed,L2_rel,Linf
tanh,3,64,0,0.9929997324943542,0.9924818873405457
tanh,3,64,7,0.9952355027198792,0.994753897190094
tanh,3,64,103,0.9743232131004333,0.9735594391822815
tanh,3,64,42,1.004607081413269,1.004099726676941
