activation,hidden_layers,width,seed,L2_rel,Linf
tanh,2,32,0,1.0020359754562378,1.0015277862548828
tanh,2,32,7,0.9991407990455627,0.998639702796936
tanh,2,32,103,2448.905517578125,1775.1842041015625
tanh,2,32,42,1.0027679204940796,1.0022724866867065
