activation,hidden_layers,width,seed,L2_rel,Linf
tanh,2,64,0,0.9978782534599304,0.9973819851875305
tanh,2,64,7,23.53600311279297,28.934165954589844
tanh,2,64,103,0.9982355237007141,0.9977253079414368
tanh,2,64,42,1.0003857612609863,0.9998751282691956
