activation,hidden_layers,width,seed,L2_rel,Linf
SiLU,2,16,0,0.00042124366154894233,0.000489354133605957
