activation,hidden_layers,width,seed,L2_rel,Linf
SiLU,1,8,0,0.0002474780776537955,0.0002568960189819336
