activation,hidden_layers,width,seed,L2_rel,Linf
SiLU,1,32,0,0.00017477163055446,0.00018554925918579102
