activation,hidden_layers,width,seed,L2_rel,Linf
sine,2,16,0,0.00015065532352309674,0.00019028037786483765
