activation,hidden_layers,width,seed,L2_rel,Linf
sine,2,32,0,0.0006356537342071533,0.0008218288421630859
