activation,hidden_layers,width,seed,L2_rel,Linf
sine,1,32,0,9.156062878901139e-05,0.00012952089309692383
