activation,hidden_layers,width,seed,L2_rel,Linf
sine,2,8,0,0.00019539808272384107,0.0002911686897277832
