activation,hidden_layers,width,seed,L2_rel,Linf
sine,1,8,0,7.808687223587185e-05,0.00011348724365234375
