activation,hidden_layers,width,seed,L2_rel,Linf
sine,1,16,0,2.4854814910213463e-05,3.2067298889160156e-05
