activation,hidden_layers,width,seed,L2_rel,Linf
tanh,1,16,0,0.00023130890622269362,0.0003473050892353058
